anim.html	4.92
anim2.html	1.47
anim3.html	1.99
arrow.html	3.46
arrow2.html	4.28
arrow3.html	5.33
arrow4.html	2.31
carousel.html	9.08
clipaxis.html	2.96
details.html	2.30
faces.html	2.91
flexgap.html	2.48
fsize.html	6.34
g1.html	1.61
g2.html	3.07
g3.html	2.57
g4.html	3.64
g5.html	3.09
g6.html	3.14
g6b.html	5.01
hidden.html	4.34
layer.html	1.53
lineheight.html	1.06
lineheight2.html	2.26
mask.html	0.74
noah.html	1.60
overflow.html	3.53
overflow2.html	3.01
radius.html	1.80
radius2.html	2.39
scrollbar.html	4.42
sup.html	2.64
tablew.html	3.71
units.html	4.45
visuallyhidden.html	2.63
xform.html	2.83
